-- shopsテーブル
INSERT IGNORE INTO shops (id, name, image_name, description, price, capacity, address, phone_number) VALUES (1, '御飯処なご屋', 'food01.jpg', 'リーズナブルな価格でボリューム満点の食事をお届けします', 1500, 20, '北海道砂川市西五条南X-XX-XX', '012-345-678');
INSERT IGNORE INTO shops (id, name, image_name, description, price, capacity, address, phone_number) VALUES (2, '定食屋名古屋飯', 'food01.jpg', '落ち着く空間をあなたに提供いたします', 1700, 23, '北海道砂川市西五条南X-XX-XX', '012-345-678');
INSERT IGNORE INTO shops (id, name, image_name, description, price, capacity, address, phone_number) VALUES (3, '和', 'food03.jpg', '和。それは名古屋の心', 4000, 40, '北海道砂川市西五条南X-XX-XX', '012-345-678');
INSERT IGNORE INTO shops (id, name, image_name, description, price, capacity, address, phone_number) VALUES (4, '寿司 なごや', 'food04.jpg', '職人の技をご覧あれ', 6000, 12, '北海道砂川市西五条南X-XX-XX', '012-345-678');
INSERT IGNORE INTO shops (id, name, image_name, description, price, capacity, address, phone_number) VALUES (5, '名古屋鳥', 'food02.jpg', '厳選された鶏のみを使用した自慢の焼き鳥です', 3000, 8, '北海道砂川市西五条南X-XX-XX', '012-345-678');
INSERT IGNORE INTO shops (id, name, image_name, description, price, capacity, address, phone_number) VALUES (6, '傍にある蕎麦屋', 'food05.jpg', 'つい寄っていきたくなるような、そんなお店', 1800, 18, '北海道砂川市西五条南X-XX-XX', '012-345-678');
INSERT IGNORE INTO shops (id, name, image_name, description, price, capacity, address, phone_number) VALUES (7, '肉DON', 'food06.jpg', '分厚いカツがあなたをお待ちしてます', 3000, 22, '北海道砂川市西五条南X-XX-XX', '012-345-678');
INSERT IGNORE INTO shops (id, name, image_name, description, price, capacity, address, phone_number) VALUES (8, '海鮮盛り王', 'food07.jpg', '新鮮な海の幸をご用意しております', 4000, 20, '北海道砂川市西五条南X-XX-XX', '012-345-678');
INSERT IGNORE INTO shops (id, name, image_name, description, price, capacity, address, phone_number) VALUES (9, 'ドドド丼！！！', 'food08.jpg', '暴力的なまでに、肉', 5000, 16, '北海道砂川市西五条南X-XX-XX', '012-345-678');
INSERT IGNORE INTO shops (id, name, image_name, description, price, capacity, address, phone_number) VALUES (10, '一人鍋 そろなべ', 'food09.jpg', 'ひとりで鍋を楽しめるお店です', 6000, 11, '北海道砂川市西五条南X-XX-XX', '012-345-678');
INSERT IGNORE INTO shops (id, name, image_name, description, price, capacity, address, phone_number) VALUES (11, 'Nagoya Party', 'food10.jpg', '素敵な時間、思い出、食事、接客、すべてがここに', 8000, 8, '北海道砂川市西五条南X-XX-XX', '012-345-678');
INSERT IGNORE INTO shops (id, name, image_name, description, price, capacity, address, phone_number) VALUES (12, 'Red deu red', 'food11.jpg', 'イタリア旅行に来たような、そんな気持ちになれます', 3000, 26, '北海道砂川市西五条南X-XX-XX', '012-345-678');
INSERT IGNORE INTO shops (id, name, image_name, description, price, capacity, address, phone_number) VALUES (13, '激辛ラーメン 焔家', 'food12.jpg', '最強激辛。初心者はお断り', 2000, 14, '北海道砂川市西五条南X-XX-XX', '012-345-678');
INSERT IGNORE INTO shops (id, name, image_name, description, price, capacity, address, phone_number) VALUES (14, 'らあめん なごや', 'food13.jpg', '伝統の醤油豚骨スープをぜひ味わってください', 2000, 20, '北海道砂川市西五条南X-XX-XX', '012-345-678');
INSERT IGNORE INTO shops (id, name, image_name, description, price, capacity, address, phone_number) VALUES (15, 'カレーショップNAGOYA', 'food16.jpg', '強烈なインド', 3000, 24, '北海道砂川市西五条南X-XX-XX', '012-345-678');
INSERT IGNORE INTO shops (id, name, image_name, description, price, capacity, address, phone_number) VALUES (16, 'ベーカリーなごなご', 'food17.jpg', '自慢の焼き立てパンを召し上がれ', 1000, 20, '北海道砂川市西五条南X-XX-XX', '012-345-678');
INSERT IGNORE INTO shops (id, name, image_name, description, price, capacity, address, phone_number) VALUES (17, '喫茶なごみ屋', 'food18.jpg', 'ちょっと一休みしていきませんか？', 1400, 17, '北海道砂川市西五条南X-XX-XX', '012-345-678');
INSERT IGNORE INTO shops (id, name, image_name, description, price, capacity, address, phone_number) VALUES (18, 'Symphony', 'food19.jpg', 'フランス帰りのパティシエのお手製ケーキです', 2000, 22, '北海道砂川市西五条南X-XX-XX', '012-345-678');
INSERT IGNORE INTO shops (id, name, image_name, description, price, capacity, address, phone_number) VALUES (19, 'ノアールナゴヤ', 'food20.jpg', '最高級チョコレートケーキはいかが？', 4000, 4, '北海道砂川市西五条南X-XX-XX', '012-345-678');
INSERT IGNORE INTO shops (id, name, image_name, description, price, capacity, address, phone_number) VALUES (20, '名古屋ズバーガー', 'food21.jpg', 'ボリューム満点、味も最高！', 2000, 21, '北海道砂川市西五条南X-XX-XX', '012-345-678');
INSERT IGNORE INTO shops (id, name, image_name, description, price, capacity, address, phone_number) VALUES (21, 'クリーム名古屋', 'food14.jpg', '感動をあなたに', 2000, 23, '北海道砂川市西五条南X-XX-XX', '012-345-678');
INSERT IGNORE INTO shops (id, name, image_name, description, price, capacity, address, phone_number) VALUES (22, 'Sea Sea', 'food15.jpg', '魚介類の旨味をパスタと共に', 3000, 28, '北海道砂川市西五条南X-XX-XX', '012-345-678');
INSERT IGNORE INTO shops (id, name, image_name, description, price, capacity, address, phone_number) VALUES (23, 'ボーノ！！！', 'food11.jpg', 'ボーノ！', 4000, 28, '北海道砂川市西五条南X-XX-XX', '012-345-678');
INSERT IGNORE INTO shops (id, name, image_name, description, price, capacity, address, phone_number) VALUES (24, '名古屋の隠れ家', 'food18.jpg', '見つかりましたか', 4500, 3, '北海道砂川市西五条南X-XX-XX', '012-345-678');
INSERT IGNORE INTO shops (id, name, image_name, description, price, capacity, address, phone_number) VALUES (25, 'なごみん亭', 'food08.jpg', 'なごんでいってちょうだいな', 3000, 10, '北海道砂川市西五条南X-XX-XX', '012-345-678');

-- categoriesテーブル
INSERT IGNORE INTO categories (id, name) VALUES (1, '定食');
INSERT IGNORE INTO categories (id, name) VALUES (2, '焼き鳥');
INSERT IGNORE INTO categories (id, name) VALUES (3, '和食');
INSERT IGNORE INTO categories (id, name) VALUES (4, '寿司');
INSERT IGNORE INTO categories (id, name) VALUES (5, '蕎麦');
INSERT IGNORE INTO categories (id, name) VALUES (6, '丼');
INSERT IGNORE INTO categories (id, name) VALUES (7, '鍋');
INSERT IGNORE INTO categories (id, name) VALUES (8, 'フランス料理');
INSERT IGNORE INTO categories (id, name) VALUES (9, 'イタリア料理');
INSERT IGNORE INTO categories (id, name) VALUES (10, 'ラーメン');
INSERT IGNORE INTO categories (id, name) VALUES (11, 'パスタ');
INSERT IGNORE INTO categories (id, name) VALUES (12, 'カレー');
INSERT IGNORE INTO categories (id, name) VALUES (13, 'パン');
INSERT IGNORE INTO categories (id, name) VALUES (14, '喫茶店');
INSERT IGNORE INTO categories (id, name) VALUES (15, 'スイーツ');
INSERT IGNORE INTO categories (id, name) VALUES (16, 'ハンバーガー');
INSERT IGNORE INTO categories (id, name) VALUES (17, '肉料理');
INSERT IGNORE INTO categories (id, name) VALUES (18, 'お酒');

-- shop_categoriesテーブル
INSERT IGNORE INTO shop_categories (id, shop_id, category_id) VALUES (1, 1, 1);
INSERT IGNORE INTO shop_categories (id, shop_id, category_id) VALUES (2, 1, 3);
INSERT IGNORE INTO shop_categories (id, shop_id, category_id) VALUES (3, 1, 5);
INSERT IGNORE INTO shop_categories (id, shop_id, category_id) VALUES (4, 1, 6);
INSERT IGNORE INTO shop_categories (id, shop_id, category_id) VALUES (5, 2, 1);
INSERT IGNORE INTO shop_categories (id, shop_id, category_id) VALUES (6, 2, 3);
INSERT IGNORE INTO shop_categories (id, shop_id, category_id) VALUES (7, 3, 3);
INSERT IGNORE INTO shop_categories (id, shop_id, category_id) VALUES (8, 3, 18);
INSERT IGNORE INTO shop_categories (id, shop_id, category_id) VALUES (9, 4, 4);
INSERT IGNORE INTO shop_categories (id, shop_id, category_id) VALUES (10, 5, 2);
INSERT IGNORE INTO shop_categories (id, shop_id, category_id) VALUES (11, 6, 5);
INSERT IGNORE INTO shop_categories (id, shop_id, category_id) VALUES (12, 7, 6);
INSERT IGNORE INTO shop_categories (id, shop_id, category_id) VALUES (13, 7, 17);
INSERT IGNORE INTO shop_categories (id, shop_id, category_id) VALUES (14, 8, 6);
INSERT IGNORE INTO shop_categories (id, shop_id, category_id) VALUES (15, 9, 6);
INSERT IGNORE INTO shop_categories (id, shop_id, category_id) VALUES (16, 10, 7);
INSERT IGNORE INTO shop_categories (id, shop_id, category_id) VALUES (17, 11, 8);
INSERT IGNORE INTO shop_categories (id, shop_id, category_id) VALUES (18, 11, 13);
INSERT IGNORE INTO shop_categories (id, shop_id, category_id) VALUES (19, 11, 15);
INSERT IGNORE INTO shop_categories (id, shop_id, category_id) VALUES (20, 11, 17);
INSERT IGNORE INTO shop_categories (id, shop_id, category_id) VALUES (21, 11, 18);
INSERT IGNORE INTO shop_categories (id, shop_id, category_id) VALUES (22, 12, 9);
INSERT IGNORE INTO shop_categories (id, shop_id, category_id) VALUES (23, 13, 10);
INSERT IGNORE INTO shop_categories (id, shop_id, category_id) VALUES (24, 14, 10);
INSERT IGNORE INTO shop_categories (id, shop_id, category_id) VALUES (25, 15, 12);
INSERT IGNORE INTO shop_categories (id, shop_id, category_id) VALUES (26, 16, 14);
INSERT IGNORE INTO shop_categories (id, shop_id, category_id) VALUES (27, 17, 13);
INSERT IGNORE INTO shop_categories (id, shop_id, category_id) VALUES (28, 17, 14);
INSERT IGNORE INTO shop_categories (id, shop_id, category_id) VALUES (29, 17, 15);
INSERT IGNORE INTO shop_categories (id, shop_id, category_id) VALUES (30, 18, 15);
INSERT IGNORE INTO shop_categories (id, shop_id, category_id) VALUES (31, 19, 15);
INSERT IGNORE INTO shop_categories (id, shop_id, category_id) VALUES (32, 20, 16);
INSERT IGNORE INTO shop_categories (id, shop_id, category_id) VALUES (33, 21, 11);
INSERT IGNORE INTO shop_categories (id, shop_id, category_id) VALUES (34, 22, 11);
INSERT IGNORE INTO shop_categories (id, shop_id, category_id) VALUES (35, 22, 18);
INSERT IGNORE INTO shop_categories (id, shop_id, category_id) VALUES (36, 23, 9);
INSERT IGNORE INTO shop_categories (id, shop_id, category_id) VALUES (37, 24, 11);
INSERT IGNORE INTO shop_categories (id, shop_id, category_id) VALUES (38, 24, 13);
INSERT IGNORE INTO shop_categories (id, shop_id, category_id) VALUES (39, 24, 14);
INSERT IGNORE INTO shop_categories (id, shop_id, category_id) VALUES (40, 24, 15);
INSERT IGNORE INTO shop_categories (id, shop_id, category_id) VALUES (41, 25, 6);

-- rolesテーブル
INSERT IGNORE INTO roles (id, name) VALUES (1, 'ROLE_MEMBER');
INSERT IGNORE INTO roles (id, name) VALUES (2, 'ROLE_PAID');
INSERT IGNORE INTO roles (id, name) VALUES (3, 'ROLE_ADMIN');

-- usersテーブル
INSERT IGNORE INTO users (id, role_id, name, furigana, phone_number, email, password, enabled) VALUES (1, 1, '侍 太郎', 'サムライ タロウ', '090-1234-5678', 'taro.samurai@example.com', '$2a$10$2JNjTwZBwo7fprL2X4sv.OEKqxnVtsVQvuXDkI8xVGix.U3W5B7CO', true);
INSERT IGNORE INTO users (id, role_id, name, furigana, phone_number, email, password, enabled) VALUES (2, 2, '侍 花子', 'サムライ ハナコ', '090-1234-5678', 'hanako.samurai@example.com', '$2a$10$2JNjTwZBwo7fprL2X4sv.OEKqxnVtsVQvuXDkI8xVGix.U3W5B7CO', true);
INSERT IGNORE INTO users (id, role_id, name, furigana, phone_number, email, password, enabled) VALUES (3, 3, '侍 義勝', 'サムライ ヨシカツ', '090-1234-5678', 'yoshikatsu.samurai@example.com', '$2a$10$2JNjTwZBwo7fprL2X4sv.OEKqxnVtsVQvuXDkI8xVGix.U3W5B7CO', true);
INSERT IGNORE INTO users (id, role_id, name, furigana, phone_number, email, password, enabled) VALUES (4, 1, '侍 幸美', 'サムライ サチミ', '090-1234-5678', 'sachimi.samurai@example.com', 'password', false);
INSERT IGNORE INTO users (id, role_id, name, furigana, phone_number, email, password, enabled) VALUES (5, 1, '侍 雅', 'サムライ ミヤビ', '090-1234-5678', 'miyabi.samurai@example.com', 'password', false);
INSERT IGNORE INTO users (id, role_id, name, furigana, phone_number, email, password, enabled) VALUES (6, 1, '侍 正保', 'サムライ マサヤス', '090-1234-5678', 'masayasu.samurai@example.com', 'password', false);
INSERT IGNORE INTO users (id, role_id, name, furigana, phone_number, email, password, enabled) VALUES (7, 1, '侍 真由美', 'サムライ マユミ', '090-1234-5678', 'mayumi.samurai@example.com', 'password', false);
INSERT IGNORE INTO users (id, role_id, name, furigana, phone_number, email, password, enabled) VALUES (8, 1, '侍 安民', 'サムライ ヤスタミ', '090-1234-5678', 'yasutami.samurai@example.com', 'password', false);
INSERT IGNORE INTO users (id, role_id, name, furigana, phone_number, email, password, enabled) VALUES (9, 1, '侍 章緒', 'サムライ アキオ', '090-1234-5678', 'akio.samurai@example.com', 'password', false);
INSERT IGNORE INTO users (id, role_id, name, furigana, phone_number, email, password, enabled) VALUES (10, 2, '侍 祐子', 'サムライ ユウコ', '090-1234-5678', 'yuko.samurai@example.com', 'password', false);
INSERT IGNORE INTO users (id, role_id, name, furigana, phone_number, email, password, enabled) VALUES (11, 2, '侍 秋美', 'サムライ アキミ', '090-1234-5678', 'akimi.samurai@example.com', 'password', false);
INSERT IGNORE INTO users (id, role_id, name, furigana, phone_number, email, password, enabled) VALUES (12, 2, '侍 信平', 'サムライ シンペイ', '090-1234-5678', 'shinpei.samurai@example.com', 'password', false);
INSERT IGNORE INTO users (id, role_id, name, furigana, phone_number, email, password, enabled) VALUES (13, 3, '管理 者', 'カンリ シャ', '090-1234-5678', 'kanri@example.com', '$2a$10$2JNjTwZBwo7fprL2X4sv.OEKqxnVtsVQvuXDkI8xVGix.U3W5B7CO', true);

-- reviewsテーブル
INSERT IGNORE INTO reviews (id, shop_id, user_id, user_name, review_comment, score, enabled) VALUES (1, 3, 1, '侍 太郎', 'とても雰囲気が良い。また利用したい', 5, true);
INSERT IGNORE INTO reviews (id, shop_id, user_id, user_name, review_comment, score, enabled) VALUES (2, 3, 2, '侍 花子', '従業員さんの接客が素敵でした！', 5, true);
INSERT IGNORE INTO reviews (id, shop_id, user_id, user_name, review_comment, score, enabled) VALUES (3, 3, 3, '侍 義勝', '従業員の態度が悪い', 1, true);
INSERT IGNORE INTO reviews (id, shop_id, user_id, user_name, review_comment, score, enabled) VALUES (4, 1, 11, '侍 太郎', 'ベリーグッド', 5, true);
INSERT IGNORE INTO reviews (id, shop_id, user_id, user_name, review_comment, score, enabled) VALUES (5, 3, 13, '侍 次郎', '味はいいが、店が狭いのが難点', 3, true);
INSERT IGNORE INTO reviews (id, shop_id, user_id, user_name, review_comment, score, enabled) VALUES (6, 3, 14, '侍 三郎くん', 'あんまりだった', 2, true);
INSERT IGNORE INTO reviews (id, shop_id, user_id, user_name, review_comment, score, enabled) VALUES (7, 3, 7, '侍 真由美', '良かったけど、期待してたほどじゃなかった', 4, true);
INSERT IGNORE INTO reviews (id, shop_id, user_id, user_name, review_comment, score, enabled) VALUES (8, 3, 8, '侍 安民', 'なんとなく', 3, true);
INSERT IGNORE INTO reviews (id, shop_id, user_id, user_name, review_comment, score, enabled) VALUES (9, 3, 9, '侍 章緒', '普通', 3, true);
INSERT IGNORE INTO reviews (id, shop_id, user_id, user_name, review_comment, score, enabled) VALUES (10, 3,10 , '侍 祐子', 'いーかんじ', 5, true);
INSERT IGNORE INTO reviews (id, shop_id, user_id, user_name, review_comment, score, enabled) VALUES (11, 3, 11, '侍 秋美', 'また使いたいなって思いました', 5, true);
INSERT IGNORE INTO reviews (id, shop_id, user_id, user_name, review_comment, score, enabled) VALUES (12, 3, 12, '侍 信平', '御飯がおいしかった', 4, true);
INSERT IGNORE INTO reviews (id, shop_id, user_id, user_name, review_comment, score, enabled) VALUES (13, 3, 4, '侍 幸美', 'まあ及第点', 3, true);
INSERT IGNORE INTO reviews (id, shop_id, user_id, user_name, review_comment, score, enabled) VALUES (14, 3, 5, '侍 雅', '店内が寒い', 2, true);
INSERT IGNORE INTO reviews (id, shop_id, user_id, user_name, review_comment, score, enabled) VALUES (15, 3, 6, '侍 正保', '味が普通な割に値段が高い', 2, true);

-- reservationsテーブル
INSERT IGNORE INTO reservations (id, shop_id, user_id, check_in, number_of_people) VALUES (1, 1, 1, '2025-03-27 12:00:00', 2);
INSERT IGNORE INTO reservations (id, shop_id, user_id, check_in, number_of_people) VALUES (2, 2, 1, '2025-03-27 12:00:00', 3);
INSERT IGNORE INTO reservations (id, shop_id, user_id, check_in, number_of_people) VALUES (3, 3, 1, '2025-03-27 12:00:00', 4);
INSERT IGNORE INTO reservations (id, shop_id, user_id, check_in, number_of_people) VALUES (4, 4, 1, '2025-03-27 12:00:00', 5);
INSERT IGNORE INTO reservations (id, shop_id, user_id, check_in, number_of_people) VALUES (5, 5, 1, '2025-03-27 12:00:00', 6);
INSERT IGNORE INTO reservations (id, shop_id, user_id, check_in, number_of_people) VALUES (6, 6, 1, '2025-03-27 12:00:00', 2);
INSERT IGNORE INTO reservations (id, shop_id, user_id, check_in, number_of_people) VALUES (7, 7, 1, '2025-03-27 12:00:00', 3);
INSERT IGNORE INTO reservations (id, shop_id, user_id, check_in, number_of_people) VALUES (8, 8, 1, '2025-03-27 12:00:00', 4);
INSERT IGNORE INTO reservations (id, shop_id, user_id, check_in, number_of_people) VALUES (9, 9, 1, '2025-03-27 12:00:00', 5);
INSERT IGNORE INTO reservations (id, shop_id, user_id, check_in, number_of_people) VALUES (10, 10, 1, '2025-03-27 12:00:00', 6);
INSERT IGNORE INTO reservations (id, shop_id, user_id, check_in, number_of_people) VALUES (11, 11, 1, '2025-03-27 12:00:00', 2);